participant.id_in_session,participant.code,participant.label,participant._is_bot,participant._index_in_pages,participant._max_page_index,participant._current_app_name,participant._round_number,participant._current_page_name,participant.ip_address,participant.time_started,participant.visited,participant.mturk_worker_id,participant.mturk_assignment_id,participant.payoff,player.id_in_group,player.ret_earning,player.tasks_dump,player.declaration,player.is_checked,player.deduction,player.discrepancy,player.earnings_after_deduction,player.fine,player.subsession_id,player.group_id,player.payoff,group.id_in_subsession,group.total_contribution,group.individual_share,group.subsession_id,subsession.round_number,session.code,session.label,session.experimenter_name,session.mturk_HITId,session.mturk_HITGroupId,session.comment,session.is_demo
1,0ngiiyo3,,0,5,20,pgg_ret,1,Results,10.11.239.176,2018-04-27 21:52:47.404196+00:00,1,,,542,1,300,"[{""correct_answer"": 157, ""answer"": 157, ""updated_at"": ""2018-04-27 21:53:01.877505+00:00""}, {""correct_answer"": 139, ""answer"": 139, ""updated_at"": ""2018-04-27 21:53:04.593929+00:00""}]",300,,30,0,270,0,1,1,542,1,815,272,1,1,ae4bu1pg,,,,,,1
2,c6dqlyqp,,0,6,20,pgg_ret,2,Instructions,10.181.55.151,2018-04-27 21:52:47.398661+00:00,1,,,837,2,1350,"[{""correct_answer"": 138, ""answer"": 138, ""updated_at"": ""2018-04-27 21:53:09.344363+00:00""}, {""correct_answer"": 156, ""answer"": 156, ""updated_at"": ""2018-04-27 21:53:11.607757+00:00""}, {""correct_answer"": 168, ""answer"": 168, ""updated_at"": ""2018-04-27 21:53:13.685025+00:00""}, {""correct_answer"": 145, ""answer"": 145, ""updated_at"": ""2018-04-27 21:53:26.654379+00:00""}, {""correct_answer"": 94, ""answer"": 94, ""updated_at"": ""2018-04-27 21:53:27.965744+00:00""}, {""correct_answer"": 117, ""answer"": 456, ""updated_at"": ""2018-04-27 21:53:28.951479+00:00""}, {""correct_answer"": 129, ""answer"": 456, ""updated_at"": ""2018-04-27 21:53:29.797526+00:00""}, {""correct_answer"": 137, ""answer"": 654, ""updated_at"": ""2018-04-27 21:53:30.678172+00:00""}, {""correct_answer"": 150, ""answer"": 137, ""updated_at"": ""2018-04-27 21:53:31.729339+00:00""}, {""correct_answer"": 93, ""answer"": 93, ""updated_at"": ""2018-04-27 21:53:34.164470+00:00""}, {""correct_answer"": 124, ""answer"": 124, ""updated_at"": ""2018-04-27 21:53:35.854390+00:00""}, {""correct_answer"": 112, ""answer"": 112, ""updated_at"": ""2018-04-27 21:53:37.333822+00:00""}, {""correct_answer"": 115, ""answer"": 115, ""updated_at"": ""2018-04-27 21:53:39.076065+00:00""}]",50,1,135,1300,565,650,1,1,837,1,815,272,1,1,ae4bu1pg,,,,,,1
3,32w5w9tj,,0,5,20,pgg_ret,1,Results,10.33.183.21,2018-04-27 21:52:47.405698+00:00,1,,,272,3,0,"[{""correct_answer"": 155, ""answer"": 456, ""updated_at"": ""2018-04-27 21:53:18.317684+00:00""}, {""correct_answer"": 154, ""answer"": 456, ""updated_at"": ""2018-04-27 21:53:19.160261+00:00""}, {""correct_answer"": 181, ""answer"": 654, ""updated_at"": ""2018-04-27 21:53:19.976219+00:00""}, {""correct_answer"": 126, ""answer"": 456, ""updated_at"": ""2018-04-27 21:53:20.810596+00:00""}]",0,,0,0,0,0,1,1,272,1,815,272,1,1,ae4bu1pg,,,,,,1
1,0ngiiyo3,,0,5,20,pgg_ret,1,Results,10.11.239.176,2018-04-27 21:52:47.404196+00:00,1,,,542,1,,,,,,,,0,2,2,0,1,,,2,2,ae4bu1pg,,,,,,1
2,c6dqlyqp,,0,6,20,pgg_ret,2,Instructions,10.181.55.151,2018-04-27 21:52:47.398661+00:00,1,,,837,2,,,,,,,,0,2,2,0,1,,,2,2,ae4bu1pg,,,,,,1
3,32w5w9tj,,0,5,20,pgg_ret,1,Results,10.33.183.21,2018-04-27 21:52:47.405698+00:00,1,,,272,3,,,,1,,,,0,2,2,0,1,,,2,2,ae4bu1pg,,,,,,1
1,0ngiiyo3,,0,5,20,pgg_ret,1,Results,10.11.239.176,2018-04-27 21:52:47.404196+00:00,1,,,542,1,,,,1,,,,0,3,3,0,1,,,3,3,ae4bu1pg,,,,,,1
2,c6dqlyqp,,0,6,20,pgg_ret,2,Instructions,10.181.55.151,2018-04-27 21:52:47.398661+00:00,1,,,837,2,,,,,,,,0,3,3,0,1,,,3,3,ae4bu1pg,,,,,,1
3,32w5w9tj,,0,5,20,pgg_ret,1,Results,10.33.183.21,2018-04-27 21:52:47.405698+00:00,1,,,272,3,,,,1,,,,0,3,3,0,1,,,3,3,ae4bu1pg,,,,,,1
1,0ngiiyo3,,0,5,20,pgg_ret,1,Results,10.11.239.176,2018-04-27 21:52:47.404196+00:00,1,,,542,1,,,,,,,,0,4,4,0,1,,,4,4,ae4bu1pg,,,,,,1
2,c6dqlyqp,,0,6,20,pgg_ret,2,Instructions,10.181.55.151,2018-04-27 21:52:47.398661+00:00,1,,,837,2,,,,,,,,0,4,4,0,1,,,4,4,ae4bu1pg,,,,,,1
3,32w5w9tj,,0,5,20,pgg_ret,1,Results,10.33.183.21,2018-04-27 21:52:47.405698+00:00,1,,,272,3,,,,1,,,,0,4,4,0,1,,,4,4,ae4bu1pg,,,,,,1
1,ipgndey5,,0,7,20,pgg_ret,2,WorkPage,10.16.221.230,2018-04-27 21:56:47.464014+00:00,1,,,0,1,0,[],0,,0,0,0,0,5,5,0,1,0,0,5,1,ixknbfmq,,,,,,1
2,uhwo1p1m,,0,7,20,pgg_ret,2,WorkPage,10.41.199.176,2018-04-27 21:56:47.460130+00:00,1,,,150,2,150,"[{""correct_answer"": 107, ""answer"": 107, ""updated_at"": ""2018-04-27 21:56:58.808885+00:00""}]",1,,0,149,150,0,5,5,150,1,0,0,5,1,ixknbfmq,,,,,,1
3,eeo85alg,,0,7,20,pgg_ret,2,WorkPage,10.5.228.216,2018-04-27 21:56:47.462623+00:00,1,,,450,3,450,"[{""correct_answer"": 165, ""answer"": 165, ""updated_at"": ""2018-04-27 21:57:06.310705+00:00""}, {""correct_answer"": 127, ""answer"": 127, ""updated_at"": ""2018-04-27 21:57:07.820638+00:00""}, {""correct_answer"": 185, ""answer"": 185, ""updated_at"": ""2018-04-27 21:57:09.523471+00:00""}]",0,,0,450,450,0,5,5,450,1,0,0,5,1,ixknbfmq,,,,,,1
1,ipgndey5,,0,7,20,pgg_ret,2,WorkPage,10.16.221.230,2018-04-27 21:56:47.464014+00:00,1,,,0,1,,,,,,,,0,6,6,0,1,,,6,2,ixknbfmq,,,,,,1
2,uhwo1p1m,,0,7,20,pgg_ret,2,WorkPage,10.41.199.176,2018-04-27 21:56:47.460130+00:00,1,,,150,2,,,,,,,,0,6,6,0,1,,,6,2,ixknbfmq,,,,,,1
3,eeo85alg,,0,7,20,pgg_ret,2,WorkPage,10.5.228.216,2018-04-27 21:56:47.462623+00:00,1,,,450,3,,,,1,,,,0,6,6,0,1,,,6,2,ixknbfmq,,,,,,1
1,ipgndey5,,0,7,20,pgg_ret,2,WorkPage,10.16.221.230,2018-04-27 21:56:47.464014+00:00,1,,,0,1,,,,,,,,0,7,7,0,1,,,7,3,ixknbfmq,,,,,,1
2,uhwo1p1m,,0,7,20,pgg_ret,2,WorkPage,10.41.199.176,2018-04-27 21:56:47.460130+00:00,1,,,150,2,,,,,,,,0,7,7,0,1,,,7,3,ixknbfmq,,,,,,1
3,eeo85alg,,0,7,20,pgg_ret,2,WorkPage,10.5.228.216,2018-04-27 21:56:47.462623+00:00,1,,,450,3,,,,,,,,0,7,7,0,1,,,7,3,ixknbfmq,,,,,,1
1,ipgndey5,,0,7,20,pgg_ret,2,WorkPage,10.16.221.230,2018-04-27 21:56:47.464014+00:00,1,,,0,1,,,,1,,,,0,8,8,0,1,,,8,4,ixknbfmq,,,,,,1
2,uhwo1p1m,,0,7,20,pgg_ret,2,WorkPage,10.41.199.176,2018-04-27 21:56:47.460130+00:00,1,,,150,2,,,,,,,,0,8,8,0,1,,,8,4,ixknbfmq,,,,,,1
3,eeo85alg,,0,7,20,pgg_ret,2,WorkPage,10.5.228.216,2018-04-27 21:56:47.462623+00:00,1,,,450,3,,,,,,,,0,8,8,0,1,,,8,4,ixknbfmq,,,,,,1
1,c23ml5qs,,0,21,20,pgg_ret,4,Results,10.158.185.56,2018-04-28 10:02:58.618459+00:00,1,,,356,1,0,"[{""correct_answer"": 103, ""answer"": 2, ""updated_at"": ""2018-04-28 10:06:19.585382+00:00""}, {""correct_answer"": 150, ""answer"": 2, ""updated_at"": ""2018-04-28 10:06:21.725409+00:00""}, {""correct_answer"": 137, ""answer"": 2, ""updated_at"": ""2018-04-28 10:06:23.545397+00:00""}]",0,,0,0,0,0,9,9,28,1,85,28,9,1,thnc985u,,,,,,1
2,hgxf9a6f,,0,21,20,pgg_ret,4,Results,10.142.180.61,2018-04-28 10:02:58.778801+00:00,1,,,624,2,0,[],0,,0,0,0,0,9,9,28,1,85,28,9,1,thnc985u,,,,,,1
3,r7xjhil3,,0,21,20,pgg_ret,4,Results,10.61.230.86,2018-04-28 10:02:59.130975+00:00,1,,,819,3,150,"[{""correct_answer"": 159, ""answer"": 159, ""updated_at"": ""2018-04-28 10:06:41.676621+00:00""}]",10,1,15,140,65,70,9,9,93,1,85,28,9,1,thnc985u,,,,,,1
1,c23ml5qs,,0,21,20,pgg_ret,4,Results,10.158.185.56,2018-04-28 10:02:58.618459+00:00,1,,,356,1,0,[],0,1,0,0,0,0,10,10,0,1,0,0,10,2,thnc985u,,,,,,1
2,hgxf9a6f,,0,21,20,pgg_ret,4,Results,10.142.180.61,2018-04-28 10:02:58.778801+00:00,1,,,624,2,0,[],0,,0,0,0,0,10,10,0,1,0,0,10,2,thnc985u,,,,,,1
3,r7xjhil3,,0,21,20,pgg_ret,4,Results,10.61.230.86,2018-04-28 10:02:59.130975+00:00,1,,,819,3,0,[],0,,0,0,0,0,10,10,0,1,0,0,10,2,thnc985u,,,,,,1
1,c23ml5qs,,0,21,20,pgg_ret,4,Results,10.158.185.56,2018-04-28 10:02:58.618459+00:00,1,,,356,1,150,"[{""correct_answer"": 160, ""answer"": 160, ""updated_at"": ""2018-04-28 10:08:38.346000+00:00""}]",75,,8,75,142,0,11,11,155,1,38,13,11,3,thnc985u,,,,,,1
2,hgxf9a6f,,0,21,20,pgg_ret,4,Results,10.142.180.61,2018-04-28 10:02:58.778801+00:00,1,,,624,2,150,"[{""correct_answer"": 83, ""answer"": 83, ""updated_at"": ""2018-04-28 10:08:37.186647+00:00""}]",150,1,15,0,135,0,11,11,148,1,38,13,11,3,thnc985u,,,,,,1
3,r7xjhil3,,0,21,20,pgg_ret,4,Results,10.61.230.86,2018-04-28 10:02:59.130975+00:00,1,,,819,3,150,"[{""correct_answer"": 95, ""answer"": 95, ""updated_at"": ""2018-04-28 10:08:36.360895+00:00""}]",150,,15,0,135,0,11,11,148,1,38,13,11,3,thnc985u,,,,,,1
1,c23ml5qs,,0,21,20,pgg_ret,4,Results,10.158.185.56,2018-04-28 10:02:58.618459+00:00,1,,,356,1,150,"[{""correct_answer"": 163, ""answer"": 162, ""updated_at"": ""2018-04-28 10:09:14.124522+00:00""}, {""correct_answer"": 95, ""answer"": 95, ""updated_at"": ""2018-04-28 10:09:19.909725+00:00""}]",150,1,15,0,135,0,12,12,173,1,115,38,12,4,thnc985u,,,,,,1
2,hgxf9a6f,,0,21,20,pgg_ret,4,Results,10.142.180.61,2018-04-28 10:02:58.778801+00:00,1,,,624,2,450,"[{""correct_answer"": 97, ""answer"": 97, ""updated_at"": ""2018-04-28 10:09:23.702182+00:00""}, {""correct_answer"": 176, ""answer"": 176, ""updated_at"": ""2018-04-28 10:09:27.714349+00:00""}, {""correct_answer"": 121, ""answer"": 121, ""updated_at"": ""2018-04-28 10:09:30.506624+00:00""}]",400,,40,50,410,0,12,12,448,1,115,38,12,4,thnc985u,,,,,,1
3,r7xjhil3,,0,21,20,pgg_ret,4,Results,10.61.230.86,2018-04-28 10:02:59.130975+00:00,1,,,819,3,600,"[{""correct_answer"": 162, ""answer"": 162, ""updated_at"": ""2018-04-28 10:09:35.109148+00:00""}, {""correct_answer"": 162, ""answer"": 162, ""updated_at"": ""2018-04-28 10:09:39.818673+00:00""}, {""correct_answer"": 152, ""answer"": 152, ""updated_at"": ""2018-04-28 10:09:42.745798+00:00""}, {""correct_answer"": 75, ""answer"": 75, ""updated_at"": ""2018-04-28 10:09:48.057521+00:00""}]",600,,60,0,540,0,12,12,578,1,115,38,12,4,thnc985u,,,,,,1
1,je3lda3i,,0,1,20,pgg_ret,1,Instructions,10.63.133.165,2018-04-28 07:13:09.305591+00:00,1,,,0,1,,,,1,,,,0,13,13,0,1,,,13,1,qh6qatp2,,,,,,1
2,28j5ucr9,,0,1,20,pgg_ret,1,Instructions,10.69.110.126,2018-04-28 07:13:09.309123+00:00,1,,,0,2,,,,1,,,,0,13,13,0,1,,,13,1,qh6qatp2,,,,,,1
3,12lflrtz,,0,1,20,pgg_ret,1,Instructions,10.69.201.228,2018-04-28 07:13:09.322036+00:00,1,,,0,3,,,,,,,,0,13,13,0,1,,,13,1,qh6qatp2,,,,,,1
1,je3lda3i,,0,1,20,pgg_ret,1,Instructions,10.63.133.165,2018-04-28 07:13:09.305591+00:00,1,,,0,1,,,,1,,,,0,14,14,0,1,,,14,2,qh6qatp2,,,,,,1
2,28j5ucr9,,0,1,20,pgg_ret,1,Instructions,10.69.110.126,2018-04-28 07:13:09.309123+00:00,1,,,0,2,,,,1,,,,0,14,14,0,1,,,14,2,qh6qatp2,,,,,,1
3,12lflrtz,,0,1,20,pgg_ret,1,Instructions,10.69.201.228,2018-04-28 07:13:09.322036+00:00,1,,,0,3,,,,,,,,0,14,14,0,1,,,14,2,qh6qatp2,,,,,,1
1,je3lda3i,,0,1,20,pgg_ret,1,Instructions,10.63.133.165,2018-04-28 07:13:09.305591+00:00,1,,,0,1,,,,1,,,,0,15,15,0,1,,,15,3,qh6qatp2,,,,,,1
2,28j5ucr9,,0,1,20,pgg_ret,1,Instructions,10.69.110.126,2018-04-28 07:13:09.309123+00:00,1,,,0,2,,,,1,,,,0,15,15,0,1,,,15,3,qh6qatp2,,,,,,1
3,12lflrtz,,0,1,20,pgg_ret,1,Instructions,10.69.201.228,2018-04-28 07:13:09.322036+00:00,1,,,0,3,,,,,,,,0,15,15,0,1,,,15,3,qh6qatp2,,,,,,1
1,je3lda3i,,0,1,20,pgg_ret,1,Instructions,10.63.133.165,2018-04-28 07:13:09.305591+00:00,1,,,0,1,,,,1,,,,0,16,16,0,1,,,16,4,qh6qatp2,,,,,,1
2,28j5ucr9,,0,1,20,pgg_ret,1,Instructions,10.69.110.126,2018-04-28 07:13:09.309123+00:00,1,,,0,2,,,,,,,,0,16,16,0,1,,,16,4,qh6qatp2,,,,,,1
3,12lflrtz,,0,1,20,pgg_ret,1,Instructions,10.69.201.228,2018-04-28 07:13:09.322036+00:00,1,,,0,3,,,,,,,,0,16,16,0,1,,,16,4,qh6qatp2,,,,,,1
1,eloiw21o,,0,7,20,pgg_ret,2,WorkPage,10.109.166.156,2018-04-28 14:49:43.445907+00:00,1,,,361,1,600,"[{""correct_answer"": 96, ""answer"": 96, ""updated_at"": ""2018-04-28 14:49:57.528186+00:00""}, {""correct_answer"": 107, ""answer"": 12, ""updated_at"": ""2018-04-28 14:50:00.662306+00:00""}, {""correct_answer"": 148, ""answer"": 148, ""updated_at"": ""2018-04-28 14:50:03.711176+00:00""}, {""correct_answer"": 135, ""answer"": 135, ""updated_at"": ""2018-04-28 14:50:09.217480+00:00""}, {""correct_answer"": 94, ""answer"": 123, ""updated_at"": ""2018-04-28 14:50:15.210073+00:00""}, {""correct_answer"": 155, ""answer"": 155, ""updated_at"": ""2018-04-28 14:50:19.554738+00:00""}]",0,1,60,600,240,300,17,17,361,1,363,121,17,1,mc8ymuqs,,,,,,1
2,x99e6ndt,,0,7,20,pgg_ret,2,WorkPage,10.51.175.26,2018-04-28 14:49:43.475023+00:00,1,,,271,2,150,"[{""correct_answer"": 139, ""answer"": 139, ""updated_at"": ""2018-04-28 14:50:35.693834+00:00""}, {""correct_answer"": 150, ""answer"": 151, ""updated_at"": ""2018-04-28 14:50:39.900421+00:00""}]",2,,0,148,150,0,17,17,271,1,363,121,17,1,mc8ymuqs,,,,,,1
3,r76u51uc,,0,7,20,pgg_ret,2,WorkPage,10.148.31.26,2018-04-28 14:49:43.483965+00:00,1,,,568,3,450,"[{""correct_answer"": 75, ""answer"": 75, ""updated_at"": ""2018-04-28 14:50:50.770662+00:00""}, {""correct_answer"": 108, ""answer"": 108, ""updated_at"": ""2018-04-28 14:50:53.183391+00:00""}, {""correct_answer"": 79, ""answer"": 79, ""updated_at"": ""2018-04-28 14:50:54.926690+00:00""}]",30,,3,420,447,0,17,17,568,1,363,121,17,1,mc8ymuqs,,,,,,1
1,eloiw21o,,0,7,20,pgg_ret,2,WorkPage,10.109.166.156,2018-04-28 14:49:43.445907+00:00,1,,,361,1,,,,1,,,,0,18,18,0,1,,,18,2,mc8ymuqs,,,,,,1
2,x99e6ndt,,0,7,20,pgg_ret,2,WorkPage,10.51.175.26,2018-04-28 14:49:43.475023+00:00,1,,,271,2,,,,,,,,0,18,18,0,1,,,18,2,mc8ymuqs,,,,,,1
3,r76u51uc,,0,7,20,pgg_ret,2,WorkPage,10.148.31.26,2018-04-28 14:49:43.483965+00:00,1,,,568,3,,,,,,,,0,18,18,0,1,,,18,2,mc8ymuqs,,,,,,1
1,eloiw21o,,0,7,20,pgg_ret,2,WorkPage,10.109.166.156,2018-04-28 14:49:43.445907+00:00,1,,,361,1,,,,,,,,0,19,19,0,1,,,19,3,mc8ymuqs,,,,,,1
2,x99e6ndt,,0,7,20,pgg_ret,2,WorkPage,10.51.175.26,2018-04-28 14:49:43.475023+00:00,1,,,271,2,,,,,,,,0,19,19,0,1,,,19,3,mc8ymuqs,,,,,,1
3,r76u51uc,,0,7,20,pgg_ret,2,WorkPage,10.148.31.26,2018-04-28 14:49:43.483965+00:00,1,,,568,3,,,,,,,,0,19,19,0,1,,,19,3,mc8ymuqs,,,,,,1
1,eloiw21o,,0,7,20,pgg_ret,2,WorkPage,10.109.166.156,2018-04-28 14:49:43.445907+00:00,1,,,361,1,,,,1,,,,0,20,20,0,1,,,20,4,mc8ymuqs,,,,,,1
2,x99e6ndt,,0,7,20,pgg_ret,2,WorkPage,10.51.175.26,2018-04-28 14:49:43.475023+00:00,1,,,271,2,,,,,,,,0,20,20,0,1,,,20,4,mc8ymuqs,,,,,,1
3,r76u51uc,,0,7,20,pgg_ret,2,WorkPage,10.148.31.26,2018-04-28 14:49:43.483965+00:00,1,,,568,3,,,,,,,,0,20,20,0,1,,,20,4,mc8ymuqs,,,,,,1
1,9827xcpa,,0,21,20,pgg_ret,4,Results,10.165.112.254,2018-04-28 15:03:50.663529+00:00,1,,,819,1,300,"[{""correct_answer"": 108, ""answer"": 108, ""updated_at"": ""2018-04-28 15:04:31.351077+00:00""}, {""correct_answer"": 175, ""answer"": 175, ""updated_at"": ""2018-04-28 15:04:53.644662+00:00""}]",10,1,30,290,125,145,21,21,187,1,186,62,21,1,9lh26vnd,,,,,,1
2,y8do2vf2,,0,21,20,pgg_ret,4,Results,10.67.237.54,2018-04-28 15:03:50.684876+00:00,1,,,1378,2,300,"[{""correct_answer"": 118, ""answer"": 118, ""updated_at"": ""2018-04-28 15:04:38.868405+00:00""}, {""correct_answer"": 95, ""answer"": 95, ""updated_at"": ""2018-04-28 15:04:58.736521+00:00""}]",10,,1,290,299,0,21,21,361,1,186,62,21,1,9lh26vnd,,,,,,1
3,rq7yk6qp,,0,21,20,pgg_ret,4,Results,10.225.52.12,2018-04-28 15:03:50.714977+00:00,1,,,1852,3,1500,"[{""correct_answer"": 150, ""answer"": 150, ""updated_at"": ""2018-04-28 15:06:23.031793+00:00""}, {""correct_answer"": 134, ""answer"": 134, ""updated_at"": ""2018-04-28 15:06:27.080498+00:00""}, {""correct_answer"": 161, ""answer"": 161, ""updated_at"": ""2018-04-28 15:06:31.380476+00:00""}, {""correct_answer"": 143, ""answer"": 143, ""updated_at"": ""2018-04-28 15:06:35.622924+00:00""}, {""correct_answer"": 110, ""answer"": 110, ""updated_at"": ""2018-04-28 15:06:40.470706+00:00""}, {""correct_answer"": 180, ""answer"": 180, ""updated_at"": ""2018-04-28 15:06:45.643883+00:00""}, {""correct_answer"": 192, ""answer"": 192, ""updated_at"": ""2018-04-28 15:06:50.902301+00:00""}, {""correct_answer"": 110, ""answer"": 110, ""updated_at"": ""2018-04-28 15:06:57.666679+00:00""}, {""correct_answer"": 84, ""answer"": 84, ""updated_at"": ""2018-04-28 15:07:02.761918+00:00""}, {""correct_answer"": 170, ""answer"": 170, ""updated_at"": ""2018-04-28 15:07:07.193915+00:00""}]",100,,10,1400,1490,0,21,21,1552,1,186,62,21,1,9lh26vnd,,,,,,1
1,9827xcpa,,0,21,20,pgg_ret,4,Results,10.165.112.254,2018-04-28 15:03:50.663529+00:00,1,,,819,1,150,"[{""correct_answer"": 102, ""answer"": 102, ""updated_at"": ""2018-04-28 15:08:05.849571+00:00""}]",10,1,15,140,65,70,22,22,93,1,85,28,22,2,9lh26vnd,,,,,,1
2,y8do2vf2,,0,21,20,pgg_ret,4,Results,10.67.237.54,2018-04-28 15:03:50.684876+00:00,1,,,1378,2,450,"[{""correct_answer"": 99, ""answer"": 99, ""updated_at"": ""2018-04-28 15:08:07.572637+00:00""}, {""correct_answer"": 151, ""answer"": 151, ""updated_at"": ""2018-04-28 15:08:16.602492+00:00""}, {""correct_answer"": 141, ""answer"": 141, ""updated_at"": ""2018-04-28 15:08:45.121525+00:00""}]",0,,0,450,450,0,22,22,478,1,85,28,22,2,9lh26vnd,,,,,,1
3,rq7yk6qp,,0,21,20,pgg_ret,4,Results,10.225.52.12,2018-04-28 15:03:50.714977+00:00,1,,,1852,3,0,[],0,,0,0,0,0,22,22,28,1,85,28,22,2,9lh26vnd,,,,,,1
1,9827xcpa,,0,21,20,pgg_ret,4,Results,10.165.112.254,2018-04-28 15:03:50.663529+00:00,1,,,819,1,0,[],0,,0,0,0,0,23,23,0,1,0,0,23,3,9lh26vnd,,,,,,1
2,y8do2vf2,,0,21,20,pgg_ret,4,Results,10.67.237.54,2018-04-28 15:03:50.684876+00:00,1,,,1378,2,0,[],0,,0,0,0,0,23,23,0,1,0,0,23,3,9lh26vnd,,,,,,1
3,rq7yk6qp,,0,21,20,pgg_ret,4,Results,10.225.52.12,2018-04-28 15:03:50.714977+00:00,1,,,1852,3,0,[],0,1,0,0,0,0,23,23,0,1,0,0,23,3,9lh26vnd,,,,,,1
1,9827xcpa,,0,21,20,pgg_ret,4,Results,10.165.112.254,2018-04-28 15:03:50.663529+00:00,1,,,819,1,450,"[{""correct_answer"": 132, ""answer"": 132, ""updated_at"": ""2018-04-28 15:10:59.824497+00:00""}, {""correct_answer"": 130, ""answer"": 130, ""updated_at"": ""2018-04-28 15:11:18.116522+00:00""}, {""correct_answer"": 128, ""answer"": 128, ""updated_at"": ""2018-04-28 15:11:40.781628+00:00""}]",10,,1,440,449,0,24,24,539,1,270,90,24,4,9lh26vnd,,,,,,1
2,y8do2vf2,,0,21,20,pgg_ret,4,Results,10.67.237.54,2018-04-28 15:03:50.684876+00:00,1,,,1378,2,450,"[{""correct_answer"": 115, ""answer"": 115, ""updated_at"": ""2018-04-28 15:10:56.902243+00:00""}, {""correct_answer"": 71, ""answer"": 71, ""updated_at"": ""2018-04-28 15:11:21.695481+00:00""}, {""correct_answer"": 158, ""answer"": 158, ""updated_at"": ""2018-04-28 15:11:44.353231+00:00""}]",10,,1,440,449,0,24,24,539,1,270,90,24,4,9lh26vnd,,,,,,1
3,rq7yk6qp,,0,21,20,pgg_ret,4,Results,10.225.52.12,2018-04-28 15:03:50.714977+00:00,1,,,1852,3,450,"[{""correct_answer"": 151, ""answer"": 151, ""updated_at"": ""2018-04-28 15:11:09.084770+00:00""}, {""correct_answer"": 96, ""answer"": 96, ""updated_at"": ""2018-04-28 15:11:30.324546+00:00""}, {""correct_answer"": 104, ""answer"": 104, ""updated_at"": ""2018-04-28 15:11:37.320516+00:00""}]",4,1,45,446,182,223,24,24,272,1,270,90,24,4,9lh26vnd,,,,,,1
1,iy5b4c8g,,0,5,20,pgg_ret,1,Results,10.123.156.99,2018-04-28 15:19:10.259811+00:00,1,,,330,1,300,"[{""correct_answer"": 90, ""answer"": 90, ""updated_at"": ""2018-04-28 15:19:18.808655+00:00""}, {""correct_answer"": 167, ""answer"": 167, ""updated_at"": ""2018-04-28 15:19:22.404480+00:00""}]",1,,0,299,300,0,25,25,330,1,90,30,25,1,yh2dwfbu,,,,,,1
2,s8zhsomv,,0,5,20,pgg_ret,1,Results,10.67.233.21,2018-04-28 15:19:10.318171+00:00,1,,,90,2,150,"[{""correct_answer"": 174, ""answer"": 174, ""updated_at"": ""2018-04-28 15:19:59.041323+00:00""}]",1,1,15,149,60,75,25,25,90,1,90,30,25,1,yh2dwfbu,,,,,,1
3,idb03w0b,,0,5,20,pgg_ret,1,Results,10.5.207.142,2018-04-28 15:19:10.255676+00:00,1,,,180,3,150,"[{""correct_answer"": 161, ""answer"": 161, ""updated_at"": ""2018-04-28 15:21:47.497087+00:00""}]",1,,0,149,150,0,25,25,180,1,90,30,25,1,yh2dwfbu,,,,,,1
1,iy5b4c8g,,0,5,20,pgg_ret,1,Results,10.123.156.99,2018-04-28 15:19:10.259811+00:00,1,,,330,1,,,,1,,,,0,26,26,0,1,,,26,2,yh2dwfbu,,,,,,1
2,s8zhsomv,,0,5,20,pgg_ret,1,Results,10.67.233.21,2018-04-28 15:19:10.318171+00:00,1,,,90,2,,,,,,,,0,26,26,0,1,,,26,2,yh2dwfbu,,,,,,1
3,idb03w0b,,0,5,20,pgg_ret,1,Results,10.5.207.142,2018-04-28 15:19:10.255676+00:00,1,,,180,3,,,,1,,,,0,26,26,0,1,,,26,2,yh2dwfbu,,,,,,1
1,iy5b4c8g,,0,5,20,pgg_ret,1,Results,10.123.156.99,2018-04-28 15:19:10.259811+00:00,1,,,330,1,,,,1,,,,0,27,27,0,1,,,27,3,yh2dwfbu,,,,,,1
2,s8zhsomv,,0,5,20,pgg_ret,1,Results,10.67.233.21,2018-04-28 15:19:10.318171+00:00,1,,,90,2,,,,,,,,0,27,27,0,1,,,27,3,yh2dwfbu,,,,,,1
3,idb03w0b,,0,5,20,pgg_ret,1,Results,10.5.207.142,2018-04-28 15:19:10.255676+00:00,1,,,180,3,,,,,,,,0,27,27,0,1,,,27,3,yh2dwfbu,,,,,,1
1,iy5b4c8g,,0,5,20,pgg_ret,1,Results,10.123.156.99,2018-04-28 15:19:10.259811+00:00,1,,,330,1,,,,,,,,0,28,28,0,1,,,28,4,yh2dwfbu,,,,,,1
2,s8zhsomv,,0,5,20,pgg_ret,1,Results,10.67.233.21,2018-04-28 15:19:10.318171+00:00,1,,,90,2,,,,,,,,0,28,28,0,1,,,28,4,yh2dwfbu,,,,,,1
3,idb03w0b,,0,5,20,pgg_ret,1,Results,10.5.207.142,2018-04-28 15:19:10.255676+00:00,1,,,180,3,,,,,,,,0,28,28,0,1,,,28,4,yh2dwfbu,,,,,,1
1,8qpl0vju,,0,3,20,pgg_ret,1,Declaration,10.16.221.230,2018-04-28 15:32:22.128536+00:00,1,,,0,1,300,"[{""correct_answer"": 158, ""answer"": 1, ""updated_at"": ""2018-04-28 15:32:28.112151+00:00""}, {""correct_answer"": 163, ""answer"": 10, ""updated_at"": ""2018-04-28 15:32:32.036677+00:00""}, {""correct_answer"": 161, ""answer"": 161, ""updated_at"": ""2018-04-28 15:32:34.724707+00:00""}, {""correct_answer"": 139, ""answer"": 139, ""updated_at"": ""2018-04-28 15:32:37.482944+00:00""}]",,1,,,,0,29,29,0,1,,,29,1,vhlqyiif,,,,,,1
2,x8wqhc11,,0,3,20,pgg_ret,1,Declaration,10.16.221.230,2018-04-28 15:33:01.557555+00:00,1,,,0,2,0,[],,,,,,0,29,29,0,1,,,29,1,vhlqyiif,,,,,,1
3,pndlzp0p,,0,0,20,,,,,,0,,,0,3,,,,1,,,,0,29,29,0,1,,,29,1,vhlqyiif,,,,,,1
1,8qpl0vju,,0,3,20,pgg_ret,1,Declaration,10.16.221.230,2018-04-28 15:32:22.128536+00:00,1,,,0,1,,,,,,,,0,30,30,0,1,,,30,2,vhlqyiif,,,,,,1
2,x8wqhc11,,0,3,20,pgg_ret,1,Declaration,10.16.221.230,2018-04-28 15:33:01.557555+00:00,1,,,0,2,,,,1,,,,0,30,30,0,1,,,30,2,vhlqyiif,,,,,,1
3,pndlzp0p,,0,0,20,,,,,,0,,,0,3,,,,1,,,,0,30,30,0,1,,,30,2,vhlqyiif,,,,,,1
1,8qpl0vju,,0,3,20,pgg_ret,1,Declaration,10.16.221.230,2018-04-28 15:32:22.128536+00:00,1,,,0,1,,,,,,,,0,31,31,0,1,,,31,3,vhlqyiif,,,,,,1
2,x8wqhc11,,0,3,20,pgg_ret,1,Declaration,10.16.221.230,2018-04-28 15:33:01.557555+00:00,1,,,0,2,,,,,,,,0,31,31,0,1,,,31,3,vhlqyiif,,,,,,1
3,pndlzp0p,,0,0,20,,,,,,0,,,0,3,,,,,,,,0,31,31,0,1,,,31,3,vhlqyiif,,,,,,1
1,8qpl0vju,,0,3,20,pgg_ret,1,Declaration,10.16.221.230,2018-04-28 15:32:22.128536+00:00,1,,,0,1,,,,1,,,,0,32,32,0,1,,,32,4,vhlqyiif,,,,,,1
2,x8wqhc11,,0,3,20,pgg_ret,1,Declaration,10.16.221.230,2018-04-28 15:33:01.557555+00:00,1,,,0,2,,,,1,,,,0,32,32,0,1,,,32,4,vhlqyiif,,,,,,1
3,pndlzp0p,,0,0,20,,,,,,0,,,0,3,,,,,,,,0,32,32,0,1,,,32,4,vhlqyiif,,,,,,1
1,sm0tn5ca,,0,10,20,pgg_ret,2,Results,10.5.233.9,2018-04-28 15:36:31.241150+00:00,1,,,150,1,0,[],0,1,0,0,0,0,33,33,0,1,0,0,33,1,6y0ligmh,,,,,,1
2,474xcznl,,0,10,20,pgg_ret,2,Results,10.30.63.106,2018-04-28 15:36:31.612164+00:00,1,,,0,2,0,[],0,1,0,0,0,0,33,33,0,1,0,0,33,1,6y0ligmh,,,,,,1
3,6knq2o4c,,0,10,20,pgg_ret,2,Results,10.30.63.106,2018-04-28 15:36:31.748695+00:00,1,,,150,3,0,[],0,1,0,0,0,0,33,33,0,1,0,0,33,1,6y0ligmh,,,,,,1
1,sm0tn5ca,,0,10,20,pgg_ret,2,Results,10.5.233.9,2018-04-28 15:36:31.241150+00:00,1,,,150,1,150,"[{""correct_answer"": 121, ""answer"": 121, ""updated_at"": ""2018-04-28 15:37:49.881107+00:00""}]",1,,0,149,150,0,34,34,150,1,0,0,34,2,6y0ligmh,,,,,,1
2,474xcznl,,0,10,20,pgg_ret,2,Results,10.30.63.106,2018-04-28 15:36:31.612164+00:00,1,,,0,2,0,[],0,1,0,0,0,0,34,34,0,1,0,0,34,2,6y0ligmh,,,,,,1
3,6knq2o4c,,0,10,20,pgg_ret,2,Results,10.30.63.106,2018-04-28 15:36:31.748695+00:00,1,,,150,3,150,"[{""correct_answer"": 88, ""answer"": 88, ""updated_at"": ""2018-04-28 15:38:01.338062+00:00""}]",1,,0,149,150,0,34,34,150,1,0,0,34,2,6y0ligmh,,,,,,1
1,sm0tn5ca,,0,10,20,pgg_ret,2,Results,10.5.233.9,2018-04-28 15:36:31.241150+00:00,1,,,150,1,,,,,,,,0,35,35,0,1,,,35,3,6y0ligmh,,,,,,1
2,474xcznl,,0,10,20,pgg_ret,2,Results,10.30.63.106,2018-04-28 15:36:31.612164+00:00,1,,,0,2,,,,1,,,,0,35,35,0,1,,,35,3,6y0ligmh,,,,,,1
3,6knq2o4c,,0,10,20,pgg_ret,2,Results,10.30.63.106,2018-04-28 15:36:31.748695+00:00,1,,,150,3,,,,,,,,0,35,35,0,1,,,35,3,6y0ligmh,,,,,,1
1,sm0tn5ca,,0,10,20,pgg_ret,2,Results,10.5.233.9,2018-04-28 15:36:31.241150+00:00,1,,,150,1,,,,1,,,,0,36,36,0,1,,,36,4,6y0ligmh,,,,,,1
2,474xcznl,,0,10,20,pgg_ret,2,Results,10.30.63.106,2018-04-28 15:36:31.612164+00:00,1,,,0,2,,,,,,,,0,36,36,0,1,,,36,4,6y0ligmh,,,,,,1
3,6knq2o4c,,0,10,20,pgg_ret,2,Results,10.30.63.106,2018-04-28 15:36:31.748695+00:00,1,,,150,3,,,,1,,,,0,36,36,0,1,,,36,4,6y0ligmh,,,,,,1
1,q7x188ca,,0,0,20,,,,,,0,,,0,1,,,,1,,,,0,37,37,0,1,,,37,1,mozud3ly,,,,,,1
2,8opuevgp,,0,0,20,,,,,,0,,,0,2,,,,1,,,,0,37,37,0,1,,,37,1,mozud3ly,,,,,,1
3,o5m1umf9,,0,0,20,,,,,,0,,,0,3,,,,1,,,,0,37,37,0,1,,,37,1,mozud3ly,,,,,,1
1,q7x188ca,,0,0,20,,,,,,0,,,0,1,,,,1,,,,0,38,38,0,1,,,38,2,mozud3ly,,,,,,1
2,8opuevgp,,0,0,20,,,,,,0,,,0,2,,,,1,,,,0,38,38,0,1,,,38,2,mozud3ly,,,,,,1
3,o5m1umf9,,0,0,20,,,,,,0,,,0,3,,,,1,,,,0,38,38,0,1,,,38,2,mozud3ly,,,,,,1
1,q7x188ca,,0,0,20,,,,,,0,,,0,1,,,,,,,,0,39,39,0,1,,,39,3,mozud3ly,,,,,,1
2,8opuevgp,,0,0,20,,,,,,0,,,0,2,,,,,,,,0,39,39,0,1,,,39,3,mozud3ly,,,,,,1
3,o5m1umf9,,0,0,20,,,,,,0,,,0,3,,,,1,,,,0,39,39,0,1,,,39,3,mozud3ly,,,,,,1
1,q7x188ca,,0,0,20,,,,,,0,,,0,1,,,,1,,,,0,40,40,0,1,,,40,4,mozud3ly,,,,,,1
2,8opuevgp,,0,0,20,,,,,,0,,,0,2,,,,1,,,,0,40,40,0,1,,,40,4,mozud3ly,,,,,,1
3,o5m1umf9,,0,0,20,,,,,,0,,,0,3,,,,,,,,0,40,40,0,1,,,40,4,mozud3ly,,,,,,1
1,ec6k8ujl,,0,0,20,,,,,,0,,,0,1,,,,1,,,,0,41,41,0,1,,,41,1,mwky5qoq,,,,,,1
2,jv4e1bet,,0,0,20,,,,,,0,,,0,2,,,,1,,,,0,41,41,0,1,,,41,1,mwky5qoq,,,,,,1
3,tq0yvcpc,,0,0,20,,,,,,0,,,0,3,,,,1,,,,0,41,41,0,1,,,41,1,mwky5qoq,,,,,,1
1,ec6k8ujl,,0,0,20,,,,,,0,,,0,1,,,,,,,,0,42,42,0,1,,,42,2,mwky5qoq,,,,,,1
2,jv4e1bet,,0,0,20,,,,,,0,,,0,2,,,,,,,,0,42,42,0,1,,,42,2,mwky5qoq,,,,,,1
3,tq0yvcpc,,0,0,20,,,,,,0,,,0,3,,,,1,,,,0,42,42,0,1,,,42,2,mwky5qoq,,,,,,1
1,ec6k8ujl,,0,0,20,,,,,,0,,,0,1,,,,1,,,,0,43,43,0,1,,,43,3,mwky5qoq,,,,,,1
2,jv4e1bet,,0,0,20,,,,,,0,,,0,2,,,,1,,,,0,43,43,0,1,,,43,3,mwky5qoq,,,,,,1
3,tq0yvcpc,,0,0,20,,,,,,0,,,0,3,,,,1,,,,0,43,43,0,1,,,43,3,mwky5qoq,,,,,,1
1,ec6k8ujl,,0,0,20,,,,,,0,,,0,1,,,,,,,,0,44,44,0,1,,,44,4,mwky5qoq,,,,,,1
2,jv4e1bet,,0,0,20,,,,,,0,,,0,2,,,,,,,,0,44,44,0,1,,,44,4,mwky5qoq,,,,,,1
3,tq0yvcpc,,0,0,20,,,,,,0,,,0,3,,,,,,,,0,44,44,0,1,,,44,4,mwky5qoq,,,,,,1
1,i6dgbyms,,0,4,20,pgg_ret,1,BeforeResultsWP,10.69.81.69,2018-05-01 13:38:55.292332+00:00,1,,,0,1,300,"[{""correct_answer"": 164, ""answer"": 164, ""updated_at"": ""2018-05-01 13:39:52.520725+00:00""}, {""correct_answer"": 133, ""answer"": 133, ""updated_at"": ""2018-05-01 13:39:59.854841+00:00""}]",300,1,,,,0,45,45,0,1,,,45,1,u3h1gapj,,,,,,1
2,249208qr,,0,0,20,,,,,,0,,,0,2,,,,,,,,0,45,45,0,1,,,45,1,u3h1gapj,,,,,,1
3,5kgoid8m,,0,0,20,,,,,,0,,,0,3,,,,,,,,0,45,45,0,1,,,45,1,u3h1gapj,,,,,,1
1,i6dgbyms,,0,4,20,pgg_ret,1,BeforeResultsWP,10.69.81.69,2018-05-01 13:38:55.292332+00:00,1,,,0,1,,,,1,,,,0,46,46,0,1,,,46,2,u3h1gapj,,,,,,1
2,249208qr,,0,0,20,,,,,,0,,,0,2,,,,1,,,,0,46,46,0,1,,,46,2,u3h1gapj,,,,,,1
3,5kgoid8m,,0,0,20,,,,,,0,,,0,3,,,,1,,,,0,46,46,0,1,,,46,2,u3h1gapj,,,,,,1
1,i6dgbyms,,0,4,20,pgg_ret,1,BeforeResultsWP,10.69.81.69,2018-05-01 13:38:55.292332+00:00,1,,,0,1,,,,,,,,0,47,47,0,1,,,47,3,u3h1gapj,,,,,,1
2,249208qr,,0,0,20,,,,,,0,,,0,2,,,,,,,,0,47,47,0,1,,,47,3,u3h1gapj,,,,,,1
3,5kgoid8m,,0,0,20,,,,,,0,,,0,3,,,,1,,,,0,47,47,0,1,,,47,3,u3h1gapj,,,,,,1
1,i6dgbyms,,0,4,20,pgg_ret,1,BeforeResultsWP,10.69.81.69,2018-05-01 13:38:55.292332+00:00,1,,,0,1,,,,,,,,0,48,48,0,1,,,48,4,u3h1gapj,,,,,,1
2,249208qr,,0,0,20,,,,,,0,,,0,2,,,,,,,,0,48,48,0,1,,,48,4,u3h1gapj,,,,,,1
3,5kgoid8m,,0,0,20,,,,,,0,,,0,3,,,,,,,,0,48,48,0,1,,,48,4,u3h1gapj,,,,,,1
1,sibsc9d1,,0,0,20,,,,,,0,,,0,1,,,,1,,,,0,53,53,0,1,,,53,1,tzq0endw,,,,,,1
2,dofto2az,,0,0,20,,,,,,0,,,0,2,,,,,,,,0,53,53,0,1,,,53,1,tzq0endw,,,,,,1
3,27m93iwt,,0,0,20,,,,,,0,,,0,3,,,,,,,,0,53,53,0,1,,,53,1,tzq0endw,,,,,,1
1,sibsc9d1,,0,0,20,,,,,,0,,,0,1,,,,,,,,0,54,54,0,1,,,54,2,tzq0endw,,,,,,1
2,dofto2az,,0,0,20,,,,,,0,,,0,2,,,,,,,,0,54,54,0,1,,,54,2,tzq0endw,,,,,,1
3,27m93iwt,,0,0,20,,,,,,0,,,0,3,,,,1,,,,0,54,54,0,1,,,54,2,tzq0endw,,,,,,1
1,sibsc9d1,,0,0,20,,,,,,0,,,0,1,,,,,,,,0,55,55,0,1,,,55,3,tzq0endw,,,,,,1
2,dofto2az,,0,0,20,,,,,,0,,,0,2,,,,,,,,0,55,55,0,1,,,55,3,tzq0endw,,,,,,1
3,27m93iwt,,0,0,20,,,,,,0,,,0,3,,,,,,,,0,55,55,0,1,,,55,3,tzq0endw,,,,,,1
1,sibsc9d1,,0,0,20,,,,,,0,,,0,1,,,,,,,,0,56,56,0,1,,,56,4,tzq0endw,,,,,,1
2,dofto2az,,0,0,20,,,,,,0,,,0,2,,,,1,,,,0,56,56,0,1,,,56,4,tzq0endw,,,,,,1
3,27m93iwt,,0,0,20,,,,,,0,,,0,3,,,,,,,,0,56,56,0,1,,,56,4,tzq0endw,,,,,,1
1,tt6egq2r,,0,0,20,,,,,,0,,,0,1,,,,1,,,,0,57,57,0,1,,,57,1,d7nsw9gf,,,,,,1
2,4t81t2cl,,0,0,20,,,,,,0,,,0,2,,,,1,,,,0,57,57,0,1,,,57,1,d7nsw9gf,,,,,,1
3,drqyugpj,,0,0,20,,,,,,0,,,0,3,,,,,,,,0,57,57,0,1,,,57,1,d7nsw9gf,,,,,,1
1,tt6egq2r,,0,0,20,,,,,,0,,,0,1,,,,,,,,0,58,58,0,1,,,58,2,d7nsw9gf,,,,,,1
2,4t81t2cl,,0,0,20,,,,,,0,,,0,2,,,,,,,,0,58,58,0,1,,,58,2,d7nsw9gf,,,,,,1
3,drqyugpj,,0,0,20,,,,,,0,,,0,3,,,,1,,,,0,58,58,0,1,,,58,2,d7nsw9gf,,,,,,1
1,tt6egq2r,,0,0,20,,,,,,0,,,0,1,,,,,,,,0,59,59,0,1,,,59,3,d7nsw9gf,,,,,,1
2,4t81t2cl,,0,0,20,,,,,,0,,,0,2,,,,,,,,0,59,59,0,1,,,59,3,d7nsw9gf,,,,,,1
3,drqyugpj,,0,0,20,,,,,,0,,,0,3,,,,1,,,,0,59,59,0,1,,,59,3,d7nsw9gf,,,,,,1
1,tt6egq2r,,0,0,20,,,,,,0,,,0,1,,,,,,,,0,60,60,0,1,,,60,4,d7nsw9gf,,,,,,1
2,4t81t2cl,,0,0,20,,,,,,0,,,0,2,,,,1,,,,0,60,60,0,1,,,60,4,d7nsw9gf,,,,,,1
3,drqyugpj,,0,0,20,,,,,,0,,,0,3,,,,,,,,0,60,60,0,1,,,60,4,d7nsw9gf,,,,,,1
1,l0rlwq1p,,0,21,20,pgg_ret,4,Results,10.146.232.248,2018-05-01 16:30:30.875106+00:00,1,,,4311,1,600,"[{""correct_answer"": 152, ""answer"": 152, ""updated_at"": ""2018-05-01 16:36:04.012303+00:00""}, {""correct_answer"": 146, ""answer"": 146, ""updated_at"": ""2018-05-01 16:36:15.104401+00:00""}, {""correct_answer"": 145, ""answer"": 145, ""updated_at"": ""2018-05-01 16:36:23.715767+00:00""}, {""correct_answer"": 122, ""answer"": 122, ""updated_at"": ""2018-05-01 16:36:38.239621+00:00""}]",0,,0,600,600,0,65,77,645,1,135,45,65,1,tqbu8lze,,,,,,0
2,nqv5834l,,0,21,20,pgg_ret,4,Results,10.79.228.240,2018-05-01 16:30:34.749716+00:00,1,,,4041,2,0,"[{""correct_answer"": 115, ""answer"": 105, ""updated_at"": ""2018-05-01 16:34:17.657251+00:00""}]",0,,0,0,0,0,65,77,45,1,135,45,65,1,tqbu8lze,,,,,,0
3,cgj1arqu,,0,21,20,pgg_ret,4,Results,10.67.162.211,2018-05-01 16:30:37.109355+00:00,1,,,4401,3,1350,"[{""correct_answer"": 163, ""answer"": 163, ""updated_at"": ""2018-05-01 16:34:01.623143+00:00""}, {""correct_answer"": 129, ""answer"": 129, ""updated_at"": ""2018-05-01 16:34:07.439109+00:00""}, {""correct_answer"": 156, ""answer"": 157, ""updated_at"": ""2018-05-01 16:34:13.534528+00:00""}, {""correct_answer"": 136, ""answer"": 136, ""updated_at"": ""2018-05-01 16:34:18.241048+00:00""}, {""correct_answer"": 151, ""answer"": 151, ""updated_at"": ""2018-05-01 16:34:23.110419+00:00""}, {""correct_answer"": 134, ""answer"": 134, ""updated_at"": ""2018-05-01 16:34:26.564095+00:00""}, {""correct_answer"": 136, ""answer"": 136, ""updated_at"": ""2018-05-01 16:34:32.222207+00:00""}, {""correct_answer"": 142, ""answer"": 142, ""updated_at"": ""2018-05-01 16:34:36.928880+00:00""}, {""correct_answer"": 155, ""answer"": 155, ""updated_at"": ""2018-05-01 16:34:44.687571+00:00""}, {""correct_answer"": 171, ""answer"": 171, ""updated_at"": ""2018-05-01 16:34:53.177636+00:00""}]",1350,,135,0,1215,0,65,77,1260,1,135,45,65,1,tqbu8lze,,,,,,0
4,jpnaqghg,,0,21,20,pgg_ret,4,Results,10.47.231.89,2018-05-01 16:30:45.062042+00:00,1,,,4260,1,600,"[{""correct_answer"": 144, ""answer"": 144, ""updated_at"": ""2018-05-01 16:36:21.729286+00:00""}, {""correct_answer"": 115, ""answer"": 115, ""updated_at"": ""2018-05-01 16:36:27.957614+00:00""}, {""correct_answer"": 107, ""answer"": 107, ""updated_at"": ""2018-05-01 16:36:35.076908+00:00""}, {""correct_answer"": 145, ""answer"": 145, ""updated_at"": ""2018-05-01 16:36:59.522658+00:00""}]",0,,0,600,600,0,65,78,650,2,150,50,65,1,tqbu8lze,,,,,,0
5,hlh3f3ii,,0,21,20,pgg_ret,4,Results,10.45.77.75,2018-05-01 16:30:50.597198+00:00,1,,,300,2,0,[],0,,0,0,0,0,65,78,50,2,150,50,65,1,tqbu8lze,,,,,,0
6,2c7sbz08,,0,21,20,pgg_ret,4,Results,10.180.74.112,2018-05-01 16:30:50.691545+00:00,1,,,6240,3,1500,"[{""correct_answer"": 147, ""answer"": 147, ""updated_at"": ""2018-05-01 16:33:43.978269+00:00""}, {""correct_answer"": 81, ""answer"": 81, ""updated_at"": ""2018-05-01 16:33:49.749131+00:00""}, {""correct_answer"": 104, ""answer"": 104, ""updated_at"": ""2018-05-01 16:33:54.790150+00:00""}, {""correct_answer"": 127, ""answer"": 127, ""updated_at"": ""2018-05-01 16:33:59.425558+00:00""}, {""correct_answer"": 120, ""answer"": 120, ""updated_at"": ""2018-05-01 16:34:04.763847+00:00""}, {""correct_answer"": 101, ""answer"": 101, ""updated_at"": ""2018-05-01 16:34:11.008605+00:00""}, {""correct_answer"": 139, ""answer"": 139, ""updated_at"": ""2018-05-01 16:34:17.648609+00:00""}, {""correct_answer"": 115, ""answer"": 115, ""updated_at"": ""2018-05-01 16:34:23.825319+00:00""}, {""correct_answer"": 139, ""answer"": 139, ""updated_at"": ""2018-05-01 16:34:28.143061+00:00""}, {""correct_answer"": 143, ""answer"": 143, ""updated_at"": ""2018-05-01 16:34:32.262790+00:00""}]",1500,1,150,0,1350,0,65,78,1400,2,150,50,65,1,tqbu8lze,,,,,,0
7,q6iymsut,,0,21,20,pgg_ret,4,Results,10.61.230.86,2018-05-01 16:31:01.575015+00:00,1,,,835,1,0,[],0,1,0,0,0,0,65,79,112,3,337,112,65,1,tqbu8lze,,,,,,0
8,5ebc2lsf,,0,21,20,pgg_ret,4,Results,10.41.164.211,2018-05-01 16:31:06.681393+00:00,1,,,4355,2,150,"[{""correct_answer"": 105, ""answer"": 105, ""updated_at"": ""2018-05-01 16:36:28.256892+00:00""}]",15,,2,135,148,0,65,79,260,3,337,112,65,1,tqbu8lze,,,,,,0
9,j7zhcdf9,,0,21,20,pgg_ret,4,Results,10.5.228.216,2018-05-01 16:31:14.584828+00:00,1,,,5158,3,600,"[{""correct_answer"": 186, ""answer"": 186, ""updated_at"": ""2018-05-01 16:31:33.862293+00:00""}, {""correct_answer"": 125, ""answer"": 125, ""updated_at"": ""2018-05-01 16:31:51.597172+00:00""}, {""correct_answer"": 75, ""answer"": 75, ""updated_at"": ""2018-05-01 16:32:05.062923+00:00""}, {""correct_answer"": 114, ""answer"": 114, ""updated_at"": ""2018-05-01 16:32:19.604906+00:00""}]",50,1,60,550,265,275,65,79,377,3,337,112,65,1,tqbu8lze,,,,,,0
1,l0rlwq1p,,0,21,20,pgg_ret,4,Results,10.146.232.248,2018-05-01 16:30:30.875106+00:00,1,,,4311,1,1200,"[{""correct_answer"": 119, ""answer"": 119, ""updated_at"": ""2018-05-01 16:37:34.939704+00:00""}, {""correct_answer"": 119, ""answer"": 119, ""updated_at"": ""2018-05-01 16:37:42.298956+00:00""}, {""correct_answer"": 168, ""answer"": 168, ""updated_at"": ""2018-05-01 16:37:49.643253+00:00""}, {""correct_answer"": 148, ""answer"": 148, ""updated_at"": ""2018-05-01 16:37:55.575950+00:00""}, {""correct_answer"": 126, ""answer"": 126, ""updated_at"": ""2018-05-01 16:38:01.241105+00:00""}, {""correct_answer"": 107, ""answer"": 107, ""updated_at"": ""2018-05-01 16:38:05.268452+00:00""}, {""correct_answer"": 118, ""answer"": 118, ""updated_at"": ""2018-05-01 16:38:11.990008+00:00""}, {""correct_answer"": 110, ""answer"": 110, ""updated_at"": ""2018-05-01 16:38:16.303649+00:00""}]",1200,1,120,0,1080,0,66,80,1157,1,230,77,66,2,tqbu8lze,,,,,,0
2,nqv5834l,,0,21,20,pgg_ret,4,Results,10.79.228.240,2018-05-01 16:30:34.749716+00:00,1,,,4041,2,150,"[{""correct_answer"": 170, ""answer"": 170, ""updated_at"": ""2018-05-01 16:37:30.616928+00:00""}]",50,,5,100,145,0,66,80,222,1,230,77,66,2,tqbu8lze,,,,,,0
3,cgj1arqu,,0,21,20,pgg_ret,4,Results,10.67.162.211,2018-05-01 16:30:37.109355+00:00,1,,,4401,3,1050,"[{""correct_answer"": 138, ""answer"": 138, ""updated_at"": ""2018-05-01 16:37:30.839488+00:00""}, {""correct_answer"": 163, ""answer"": 163, ""updated_at"": ""2018-05-01 16:37:34.640662+00:00""}, {""correct_answer"": 137, ""answer"": 137, ""updated_at"": ""2018-05-01 16:37:39.467911+00:00""}, {""correct_answer"": 129, ""answer"": 129, ""updated_at"": ""2018-05-01 16:37:43.698843+00:00""}, {""correct_answer"": 111, ""answer"": 112, ""updated_at"": ""2018-05-01 16:37:47.866932+00:00""}, {""correct_answer"": 152, ""answer"": 151, ""updated_at"": ""2018-05-01 16:37:54.250567+00:00""}, {""correct_answer"": 145, ""answer"": 145, ""updated_at"": ""2018-05-01 16:38:03.985475+00:00""}, {""correct_answer"": 160, ""answer"": 160, ""updated_at"": ""2018-05-01 16:38:10.531811+00:00""}, {""correct_answer"": 171, ""answer"": 171, ""updated_at"": ""2018-05-01 16:38:19.356809+00:00""}]",1050,,105,0,945,0,66,80,1022,1,230,77,66,2,tqbu8lze,,,,,,0
4,jpnaqghg,,0,21,20,pgg_ret,4,Results,10.47.231.89,2018-05-01 16:30:45.062042+00:00,1,,,4260,1,300,"[{""correct_answer"": 119, ""answer"": 200, ""updated_at"": ""2018-05-01 16:42:54.038014+00:00""}, {""correct_answer"": 151, ""answer"": 152, ""updated_at"": ""2018-05-01 16:43:01.408349+00:00""}, {""correct_answer"": 181, ""answer"": 181, ""updated_at"": ""2018-05-01 16:43:05.385844+00:00""}, {""correct_answer"": 121, ""answer"": 121, ""updated_at"": ""2018-05-01 16:43:07.594130+00:00""}]",0,1,30,300,120,150,66,81,240,2,360,120,66,2,tqbu8lze,,,,,,0
5,hlh3f3ii,,0,21,20,pgg_ret,4,Results,10.45.77.75,2018-05-01 16:30:50.597198+00:00,1,,,300,2,0,[],0,1,0,0,0,0,66,81,120,2,360,120,66,2,tqbu8lze,,,,,,0
6,2c7sbz08,,0,21,20,pgg_ret,4,Results,10.180.74.112,2018-05-01 16:30:50.691545+00:00,1,,,6240,3,1800,"[{""correct_answer"": 184, ""answer"": 184, ""updated_at"": ""2018-05-01 16:42:18.536963+00:00""}, {""correct_answer"": 109, ""answer"": 109, ""updated_at"": ""2018-05-01 16:42:23.578733+00:00""}, {""correct_answer"": 188, ""answer"": 188, ""updated_at"": ""2018-05-01 16:42:28.135234+00:00""}, {""correct_answer"": 161, ""answer"": 161, ""updated_at"": ""2018-05-01 16:42:32.407657+00:00""}, {""correct_answer"": 158, ""answer"": 158, ""updated_at"": ""2018-05-01 16:42:35.757880+00:00""}, {""correct_answer"": 140, ""answer"": 140, ""updated_at"": ""2018-05-01 16:42:39.649785+00:00""}, {""correct_answer"": 125, ""answer"": 125, ""updated_at"": ""2018-05-01 16:42:43.838895+00:00""}, {""correct_answer"": 145, ""answer"": 145, ""updated_at"": ""2018-05-01 16:42:47.256395+00:00""}, {""correct_answer"": 104, ""answer"": 104, ""updated_at"": ""2018-05-01 16:42:51.262222+00:00""}, {""correct_answer"": 127, ""answer"": 127, ""updated_at"": ""2018-05-01 16:42:55.780059+00:00""}, {""correct_answer"": 99, ""answer"": 99, ""updated_at"": ""2018-05-01 16:42:59.302799+00:00""}, {""correct_answer"": 133, ""answer"": 133, ""updated_at"": ""2018-05-01 16:43:04.400729+00:00""}]",1800,1,180,0,1620,0,66,81,1740,2,360,120,66,2,tqbu8lze,,,,,,0
7,q6iymsut,,0,21,20,pgg_ret,4,Results,10.61.230.86,2018-05-01 16:31:01.575015+00:00,1,,,835,1,0,[],0,1,0,0,0,0,66,82,3,3,9,3,66,2,tqbu8lze,,,,,,0
8,5ebc2lsf,,0,21,20,pgg_ret,4,Results,10.41.164.211,2018-05-01 16:31:06.681393+00:00,1,,,4355,2,0,[],0,1,0,0,0,0,66,82,3,3,9,3,66,2,tqbu8lze,,,,,,0
9,j7zhcdf9,,0,21,20,pgg_ret,4,Results,10.5.228.216,2018-05-01 16:31:14.584828+00:00,1,,,5158,3,1800,"[{""correct_answer"": 173, ""answer"": 173, ""updated_at"": ""2018-05-01 16:42:19.134967+00:00""}, {""correct_answer"": 137, ""answer"": 137, ""updated_at"": ""2018-05-01 16:42:25.000722+00:00""}, {""correct_answer"": 151, ""answer"": 151, ""updated_at"": ""2018-05-01 16:42:28.084114+00:00""}, {""correct_answer"": 136, ""answer"": 156, ""updated_at"": ""2018-05-01 16:42:31.443439+00:00""}, {""correct_answer"": 127, ""answer"": 127, ""updated_at"": ""2018-05-01 16:42:34.142413+00:00""}, {""correct_answer"": 137, ""answer"": 137, ""updated_at"": ""2018-05-01 16:42:38.883568+00:00""}, {""correct_answer"": 121, ""answer"": 121, ""updated_at"": ""2018-05-01 16:42:42.420486+00:00""}, {""correct_answer"": 122, ""answer"": 122, ""updated_at"": ""2018-05-01 16:42:44.670393+00:00""}, {""correct_answer"": 105, ""answer"": 105, ""updated_at"": ""2018-05-01 16:42:48.091092+00:00""}, {""correct_answer"": 126, ""answer"": 126, ""updated_at"": ""2018-05-01 16:42:51.420146+00:00""}, {""correct_answer"": 115, ""answer"": 115, ""updated_at"": ""2018-05-01 16:42:54.137449+00:00""}, {""correct_answer"": 178, ""answer"": 178, ""updated_at"": ""2018-05-01 16:42:57.772626+00:00""}, {""correct_answer"": 114, ""answer"": 114, ""updated_at"": ""2018-05-01 16:43:02.048556+00:00""}, {""correct_answer"": 137, ""answer"": 127, ""updated_at"": ""2018-05-01 16:43:05.024830+00:00""}]",89,,9,1711,1791,0,66,82,1794,3,9,3,66,2,tqbu8lze,,,,,,0
1,l0rlwq1p,,0,21,20,pgg_ret,4,Results,10.146.232.248,2018-05-01 16:30:30.875106+00:00,1,,,4311,1,1200,"[{""correct_answer"": 110, ""answer"": 110, ""updated_at"": ""2018-05-01 16:39:05.281007+00:00""}, {""correct_answer"": 124, ""answer"": 124, ""updated_at"": ""2018-05-01 16:39:09.112152+00:00""}, {""correct_answer"": 95, ""answer"": 95, ""updated_at"": ""2018-05-01 16:39:14.885294+00:00""}, {""correct_answer"": 117, ""answer"": 117, ""updated_at"": ""2018-05-01 16:39:20.312957+00:00""}, {""correct_answer"": 134, ""answer"": 142, ""updated_at"": ""2018-05-01 16:39:30.348785+00:00""}, {""correct_answer"": 97, ""answer"": 97, ""updated_at"": ""2018-05-01 16:39:38.189875+00:00""}, {""correct_answer"": 137, ""answer"": 137, ""updated_at"": ""2018-05-01 16:39:43.326380+00:00""}, {""correct_answer"": 100, ""answer"": 100, ""updated_at"": ""2018-05-01 16:39:50.775719+00:00""}, {""correct_answer"": 150, ""answer"": 150, ""updated_at"": ""2018-05-01 16:39:55.241214+00:00""}]",0,,0,1200,1200,0,67,83,1492,1,875,292,67,3,tqbu8lze,,,,,,0
2,nqv5834l,,0,21,20,pgg_ret,4,Results,10.79.228.240,2018-05-01 16:30:34.749716+00:00,1,,,4041,2,1350,"[{""correct_answer"": 142, ""answer"": 142, ""updated_at"": ""2018-05-01 16:39:10.102325+00:00""}, {""correct_answer"": 112, ""answer"": 112, ""updated_at"": ""2018-05-01 16:39:18.171744+00:00""}, {""correct_answer"": 124, ""answer"": 124, ""updated_at"": ""2018-05-01 16:39:24.409363+00:00""}, {""correct_answer"": 131, ""answer"": 131, ""updated_at"": ""2018-05-01 16:39:30.731859+00:00""}, {""correct_answer"": 129, ""answer"": 129, ""updated_at"": ""2018-05-01 16:39:35.829695+00:00""}, {""correct_answer"": 110, ""answer"": 110, ""updated_at"": ""2018-05-01 16:39:44.931404+00:00""}, {""correct_answer"": 125, ""answer"": 125, ""updated_at"": ""2018-05-01 16:39:49.617645+00:00""}, {""correct_answer"": 111, ""answer"": 111, ""updated_at"": ""2018-05-01 16:39:54.164499+00:00""}, {""correct_answer"": 158, ""answer"": 158, ""updated_at"": ""2018-05-01 16:39:59.018203+00:00""}]",50,1,135,1300,565,650,67,83,857,1,875,292,67,3,tqbu8lze,,,,,,0
3,cgj1arqu,,0,21,20,pgg_ret,4,Results,10.67.162.211,2018-05-01 16:30:37.109355+00:00,1,,,4401,3,900,"[{""correct_answer"": 173, ""answer"": 173, ""updated_at"": ""2018-05-01 16:39:24.247329+00:00""}, {""correct_answer"": 153, ""answer"": 153, ""updated_at"": ""2018-05-01 16:39:29.211614+00:00""}, {""correct_answer"": 105, ""answer"": 105, ""updated_at"": ""2018-05-01 16:39:37.683806+00:00""}, {""correct_answer"": 171, ""answer"": 171, ""updated_at"": ""2018-05-01 16:39:41.994796+00:00""}, {""correct_answer"": 134, ""answer"": 134, ""updated_at"": ""2018-05-01 16:39:46.562276+00:00""}, {""correct_answer"": 126, ""answer"": 126, ""updated_at"": ""2018-05-01 16:40:10.850807+00:00""}, {""correct_answer"": 170, ""answer"": 1761, ""updated_at"": ""2018-05-01 16:40:15.701331+00:00""}]",900,1,90,0,810,0,67,83,1102,1,875,292,67,3,tqbu8lze,,,,,,0
4,jpnaqghg,,0,21,20,pgg_ret,4,Results,10.47.231.89,2018-05-01 16:30:45.062042+00:00,1,,,4260,1,600,"[{""correct_answer"": 158, ""answer"": 158, ""updated_at"": ""2018-05-01 16:44:18.249393+00:00""}, {""correct_answer"": 137, ""answer"": 137, ""updated_at"": ""2018-05-01 16:44:22.884573+00:00""}, {""correct_answer"": 106, ""answer"": 106, ""updated_at"": ""2018-05-01 16:44:32.344472+00:00""}, {""correct_answer"": 144, ""answer"": 144, ""updated_at"": ""2018-05-01 16:44:34.927055+00:00""}]",600,,60,0,540,0,67,84,605,2,195,65,67,3,tqbu8lze,,,,,,0
5,hlh3f3ii,,0,21,20,pgg_ret,4,Results,10.45.77.75,2018-05-01 16:30:50.597198+00:00,1,,,300,2,0,[],0,1,0,0,0,0,67,84,65,2,195,65,67,3,tqbu8lze,,,,,,0
6,2c7sbz08,,0,21,20,pgg_ret,4,Results,10.180.74.112,2018-05-01 16:30:50.691545+00:00,1,,,6240,3,1350,"[{""correct_answer"": 154, ""answer"": 154, ""updated_at"": ""2018-05-01 16:44:22.236550+00:00""}, {""correct_answer"": 130, ""answer"": 130, ""updated_at"": ""2018-05-01 16:44:27.345834+00:00""}, {""correct_answer"": 107, ""answer"": 197, ""updated_at"": ""2018-05-01 16:44:30.242443+00:00""}, {""correct_answer"": 195, ""answer"": 195, ""updated_at"": ""2018-05-01 16:44:33.857168+00:00""}, {""correct_answer"": 180, ""answer"": 180, ""updated_at"": ""2018-05-01 16:44:39.668031+00:00""}, {""correct_answer"": 142, ""answer"": 142, ""updated_at"": ""2018-05-01 16:44:46.345749+00:00""}, {""correct_answer"": 143, ""answer"": 143, ""updated_at"": ""2018-05-01 16:44:52.397272+00:00""}, {""correct_answer"": 181, ""answer"": 181, ""updated_at"": ""2018-05-01 16:45:00.435459+00:00""}, {""correct_answer"": 115, ""answer"": 115, ""updated_at"": ""2018-05-01 16:45:05.877142+00:00""}, {""correct_answer"": 153, ""answer"": 153, ""updated_at"": ""2018-05-01 16:45:12.201225+00:00""}]",1350,,135,0,1215,0,67,84,1280,2,195,65,67,3,tqbu8lze,,,,,,0
7,q6iymsut,,0,21,20,pgg_ret,4,Results,10.61.230.86,2018-05-01 16:31:01.575015+00:00,1,,,835,1,0,[],0,,0,0,0,0,67,85,706,3,2119,706,67,3,tqbu8lze,,,,,,0
8,5ebc2lsf,,0,21,20,pgg_ret,4,Results,10.41.164.211,2018-05-01 16:31:06.681393+00:00,1,,,4355,2,2550,"[{""correct_answer"": 130, ""answer"": 130, ""updated_at"": ""2018-05-01 16:44:09.041397+00:00""}, {""correct_answer"": 113, ""answer"": 113, ""updated_at"": ""2018-05-01 16:44:11.660586+00:00""}, {""correct_answer"": 156, ""answer"": 156, ""updated_at"": ""2018-05-01 16:44:14.420221+00:00""}, {""correct_answer"": 180, ""answer"": 180, ""updated_at"": ""2018-05-01 16:44:17.680614+00:00""}, {""correct_answer"": 91, ""answer"": 91, ""updated_at"": ""2018-05-01 16:44:20.795110+00:00""}, {""correct_answer"": 96, ""answer"": 96, ""updated_at"": ""2018-05-01 16:44:24.508233+00:00""}, {""correct_answer"": 100, ""answer"": 100, ""updated_at"": ""2018-05-01 16:44:27.044716+00:00""}, {""correct_answer"": 103, ""answer"": 103, ""updated_at"": ""2018-05-01 16:44:30.101223+00:00""}, {""correct_answer"": 129, ""answer"": 129, ""updated_at"": ""2018-05-01 16:44:33.135861+00:00""}, {""correct_answer"": 89, ""answer"": 89, ""updated_at"": ""2018-05-01 16:44:35.941032+00:00""}, {""correct_answer"": 159, ""answer"": 159, ""updated_at"": ""2018-05-01 16:44:38.732603+00:00""}, {""correct_answer"": 124, ""answer"": 124, ""updated_at"": ""2018-05-01 16:44:44.261475+00:00""}, {""correct_answer"": 141, ""answer"": 141, ""updated_at"": ""2018-05-01 16:44:48.222582+00:00""}, {""correct_answer"": 130, ""answer"": 130, ""updated_at"": ""2018-05-01 16:44:51.219294+00:00""}, {""correct_answer"": 118, ""answer"": 118, ""updated_at"": ""2018-05-01 16:44:55.056722+00:00""}, {""correct_answer"": 151, ""answer"": 151, ""updated_at"": ""2018-05-01 16:44:58.389636+00:00""}, {""correct_answer"": 130, ""answer"": 130, ""updated_at"": ""2018-05-01 16:45:03.295521+00:00""}]",250,1,255,2300,1145,1150,67,85,1851,3,2119,706,67,3,tqbu8lze,,,,,,0
9,j7zhcdf9,,0,21,20,pgg_ret,4,Results,10.5.228.216,2018-05-01 16:31:14.584828+00:00,1,,,5158,3,1200,"[{""correct_answer"": 143, ""answer"": 43, ""updated_at"": ""2018-05-01 16:44:06.682397+00:00""}, {""correct_answer"": 156, ""answer"": 155, ""updated_at"": ""2018-05-01 16:44:19.923987+00:00""}, {""correct_answer"": 119, ""answer"": 119, ""updated_at"": ""2018-05-01 16:44:22.579768+00:00""}, {""correct_answer"": 133, ""answer"": 133, ""updated_at"": ""2018-05-01 16:44:26.340713+00:00""}, {""correct_answer"": 149, ""answer"": 149, ""updated_at"": ""2018-05-01 16:44:29.127776+00:00""}, {""correct_answer"": 150, ""answer"": 150, ""updated_at"": ""2018-05-01 16:44:31.977006+00:00""}, {""correct_answer"": 111, ""answer"": 111, ""updated_at"": ""2018-05-01 16:44:36.153764+00:00""}, {""correct_answer"": 150, ""answer"": 150, ""updated_at"": ""2018-05-01 16:44:39.832331+00:00""}, {""correct_answer"": 119, ""answer"": 119, ""updated_at"": ""2018-05-01 16:44:45.323557+00:00""}, {""correct_answer"": 134, ""answer"": 134, ""updated_at"": ""2018-05-01 16:44:48.057519+00:00""}, {""correct_answer"": 154, ""answer"": 145, ""updated_at"": ""2018-05-01 16:44:52.416054+00:00""}]",12,1,120,1188,486,594,67,85,1192,3,2119,706,67,3,tqbu8lze,,,,,,0
1,l0rlwq1p,,0,21,20,pgg_ret,4,Results,10.146.232.248,2018-05-01 16:30:30.875106+00:00,1,,,4311,1,1050,"[{""correct_answer"": 82, ""answer"": 82, ""updated_at"": ""2018-05-01 16:40:42.730690+00:00""}, {""correct_answer"": 123, ""answer"": 123, ""updated_at"": ""2018-05-01 16:40:47.344766+00:00""}, {""correct_answer"": 70, ""answer"": 80, ""updated_at"": ""2018-05-01 16:40:51.641539+00:00""}, {""correct_answer"": 176, ""answer"": 176, ""updated_at"": ""2018-05-01 16:40:59.926573+00:00""}, {""correct_answer"": 140, ""answer"": 140, ""updated_at"": ""2018-05-01 16:41:06.493231+00:00""}, {""correct_answer"": 103, ""answer"": 103, ""updated_at"": ""2018-05-01 16:41:12.704824+00:00""}, {""correct_answer"": 85, ""answer"": 85, ""updated_at"": ""2018-05-01 16:41:23.697074+00:00""}, {""correct_answer"": 119, ""answer"": 119, ""updated_at"": ""2018-05-01 16:41:30.604578+00:00""}]",1050,,105,0,945,0,68,86,1017,1,215,72,68,4,tqbu8lze,,,,,,0
2,nqv5834l,,0,21,20,pgg_ret,4,Results,10.79.228.240,2018-05-01 16:30:34.749716+00:00,1,,,4041,2,2850,"[{""correct_answer"": 127, ""answer"": 127, ""updated_at"": ""2018-05-01 16:40:43.443131+00:00""}, {""correct_answer"": 130, ""answer"": 130, ""updated_at"": ""2018-05-01 16:40:48.669852+00:00""}, {""correct_answer"": 93, ""answer"": 93, ""updated_at"": ""2018-05-01 16:40:51.996859+00:00""}, {""correct_answer"": 138, ""answer"": 138, ""updated_at"": ""2018-05-01 16:40:56.095856+00:00""}, {""correct_answer"": 115, ""answer"": 115, ""updated_at"": ""2018-05-01 16:40:59.007688+00:00""}, {""correct_answer"": 138, ""answer"": 138, ""updated_at"": ""2018-05-01 16:41:02.156121+00:00""}, {""correct_answer"": 144, ""answer"": 144, ""updated_at"": ""2018-05-01 16:41:04.971691+00:00""}, {""correct_answer"": 96, ""answer"": 96, ""updated_at"": ""2018-05-01 16:41:07.852833+00:00""}, {""correct_answer"": 137, ""answer"": 137, ""updated_at"": ""2018-05-01 16:41:10.846233+00:00""}, {""correct_answer"": 153, ""answer"": 153, ""updated_at"": ""2018-05-01 16:41:14.277188+00:00""}, {""correct_answer"": 101, ""answer"": 101, ""updated_at"": ""2018-05-01 16:41:16.952358+00:00""}, {""correct_answer"": 115, ""answer"": 115, ""updated_at"": ""2018-05-01 16:41:19.623384+00:00""}, {""correct_answer"": 155, ""answer"": 155, ""updated_at"": ""2018-05-01 16:41:22.475426+00:00""}, {""correct_answer"": 178, ""answer"": 178, ""updated_at"": ""2018-05-01 16:41:25.098668+00:00""}, {""correct_answer"": 100, ""answer"": 100, ""updated_at"": ""2018-05-01 16:41:28.152899+00:00""}, {""correct_answer"": 118, ""answer"": 118, ""updated_at"": ""2018-05-01 16:41:30.821425+00:00""}, {""correct_answer"": 108, ""answer"": 108, ""updated_at"": ""2018-05-01 16:41:33.598680+00:00""}, {""correct_answer"": 107, ""answer"": 107, ""updated_at"": ""2018-05-01 16:41:36.195153+00:00""}, {""correct_answer"": 111, ""answer"": 111, ""updated_at"": ""2018-05-01 16:41:38.661298+00:00""}]",50,,5,2800,2845,0,68,86,2917,1,215,72,68,4,tqbu8lze,,,,,,0
3,cgj1arqu,,0,21,20,pgg_ret,4,Results,10.67.162.211,2018-05-01 16:30:37.109355+00:00,1,,,4401,3,1050,"[{""correct_answer"": 141, ""answer"": 141, ""updated_at"": ""2018-05-01 16:40:45.408564+00:00""}, {""correct_answer"": 86, ""answer"": 86, ""updated_at"": ""2018-05-01 16:40:51.731749+00:00""}, {""correct_answer"": 148, ""answer"": 148, ""updated_at"": ""2018-05-01 16:41:06.792640+00:00""}, {""correct_answer"": 124, ""answer"": 124, ""updated_at"": ""2018-05-01 16:41:10.251027+00:00""}, {""correct_answer"": 171, ""answer"": 171, ""updated_at"": ""2018-05-01 16:41:16.674411+00:00""}, {""correct_answer"": 81, ""answer"": 81, ""updated_at"": ""2018-05-01 16:41:23.496695+00:00""}, {""correct_answer"": 112, ""answer"": 112, ""updated_at"": ""2018-05-01 16:41:27.843644+00:00""}]",1050,,105,0,945,0,68,86,1017,1,215,72,68,4,tqbu8lze,,,,,,0
4,jpnaqghg,,0,21,20,pgg_ret,4,Results,10.47.231.89,2018-05-01 16:30:45.062042+00:00,1,,,4260,1,2700,"[{""correct_answer"": 136, ""answer"": 136, ""updated_at"": ""2018-05-01 16:46:00.567412+00:00""}, {""correct_answer"": 115, ""answer"": 115, ""updated_at"": ""2018-05-01 16:46:04.132251+00:00""}, {""correct_answer"": 79, ""answer"": 79, ""updated_at"": ""2018-05-01 16:46:07.270574+00:00""}, {""correct_answer"": 155, ""answer"": 155, ""updated_at"": ""2018-05-01 16:46:10.515547+00:00""}, {""correct_answer"": 171, ""answer"": 171, ""updated_at"": ""2018-05-01 16:46:12.471118+00:00""}, {""correct_answer"": 115, ""answer"": 115, ""updated_at"": ""2018-05-01 16:46:15.548607+00:00""}, {""correct_answer"": 146, ""answer"": 146, ""updated_at"": ""2018-05-01 16:46:17.982209+00:00""}, {""correct_answer"": 102, ""answer"": 102, ""updated_at"": ""2018-05-01 16:46:20.502278+00:00""}, {""correct_answer"": 90, ""answer"": 90, ""updated_at"": ""2018-05-01 16:46:23.413396+00:00""}, {""correct_answer"": 140, ""answer"": 140, ""updated_at"": ""2018-05-01 16:46:25.776679+00:00""}, {""correct_answer"": 157, ""answer"": 157, ""updated_at"": ""2018-05-01 16:46:28.584397+00:00""}, {""correct_answer"": 124, ""answer"": 134, ""updated_at"": ""2018-05-01 16:46:33.341927+00:00""}, {""correct_answer"": 145, ""answer"": 145, ""updated_at"": ""2018-05-01 16:46:36.469199+00:00""}, {""correct_answer"": 127, ""answer"": 127, ""updated_at"": ""2018-05-01 16:46:38.974386+00:00""}, {""correct_answer"": 159, ""answer"": 159, ""updated_at"": ""2018-05-01 16:46:42.444684+00:00""}, {""correct_answer"": 146, ""answer"": 146, ""updated_at"": ""2018-05-01 16:46:45.063199+00:00""}, {""correct_answer"": 121, ""answer"": 121, ""updated_at"": ""2018-05-01 16:46:46.998630+00:00""}, {""correct_answer"": 155, ""answer"": 155, ""updated_at"": ""2018-05-01 16:46:48.874320+00:00""}, {""correct_answer"": 80, ""answer"": 80, ""updated_at"": ""2018-05-01 16:46:51.554938+00:00""}]",0,,0,2700,2700,0,68,87,2765,2,195,65,68,4,tqbu8lze,,,,,,0
5,hlh3f3ii,,0,21,20,pgg_ret,4,Results,10.45.77.75,2018-05-01 16:30:50.597198+00:00,1,,,300,2,0,[],0,,0,0,0,0,68,87,65,2,195,65,68,4,tqbu8lze,,,,,,0
6,2c7sbz08,,0,21,20,pgg_ret,4,Results,10.180.74.112,2018-05-01 16:30:50.691545+00:00,1,,,6240,3,1950,"[{""correct_answer"": 80, ""answer"": 80, ""updated_at"": ""2018-05-01 16:45:59.203562+00:00""}, {""correct_answer"": 90, ""answer"": 90, ""updated_at"": ""2018-05-01 16:46:03.478307+00:00""}, {""correct_answer"": 135, ""answer"": 135, ""updated_at"": ""2018-05-01 16:46:08.112724+00:00""}, {""correct_answer"": 132, ""answer"": 132, ""updated_at"": ""2018-05-01 16:46:12.374119+00:00""}, {""correct_answer"": 159, ""answer"": 159, ""updated_at"": ""2018-05-01 16:46:15.922535+00:00""}, {""correct_answer"": 165, ""answer"": 165, ""updated_at"": ""2018-05-01 16:46:19.804823+00:00""}, {""correct_answer"": 94, ""answer"": 94, ""updated_at"": ""2018-05-01 16:46:24.885398+00:00""}, {""correct_answer"": 121, ""answer"": 121, ""updated_at"": ""2018-05-01 16:46:30.110772+00:00""}, {""correct_answer"": 92, ""answer"": 92, ""updated_at"": ""2018-05-01 16:46:33.571686+00:00""}, {""correct_answer"": 73, ""answer"": 73, ""updated_at"": ""2018-05-01 16:46:37.517720+00:00""}, {""correct_answer"": 112, ""answer"": 112, ""updated_at"": ""2018-05-01 16:46:40.639153+00:00""}, {""correct_answer"": 101, ""answer"": 101, ""updated_at"": ""2018-05-01 16:46:44.489524+00:00""}, {""correct_answer"": 121, ""answer"": 121, ""updated_at"": ""2018-05-01 16:46:48.437624+00:00""}, {""correct_answer"": 115, ""answer"": 131, ""updated_at"": ""2018-05-01 16:46:53.800813+00:00""}]",1950,,195,0,1755,0,68,87,1820,2,195,65,68,4,tqbu8lze,,,,,,0
7,q6iymsut,,0,21,20,pgg_ret,4,Results,10.61.230.86,2018-05-01 16:31:01.575015+00:00,1,,,835,1,0,[],0,1,0,0,0,0,68,88,14,3,42,14,68,4,tqbu8lze,,,,,,0
8,5ebc2lsf,,0,21,20,pgg_ret,4,Results,10.41.164.211,2018-05-01 16:31:06.681393+00:00,1,,,4355,2,2250,"[{""correct_answer"": 120, ""answer"": 120, ""updated_at"": ""2018-05-01 16:46:02.271781+00:00""}, {""correct_answer"": 90, ""answer"": 90, ""updated_at"": ""2018-05-01 16:46:04.681683+00:00""}, {""correct_answer"": 80, ""answer"": 80, ""updated_at"": ""2018-05-01 16:46:08.366123+00:00""}, {""correct_answer"": 108, ""answer"": 108, ""updated_at"": ""2018-05-01 16:46:13.540954+00:00""}, {""correct_answer"": 167, ""answer"": 167, ""updated_at"": ""2018-05-01 16:46:18.507152+00:00""}, {""correct_answer"": 108, ""answer"": 108, ""updated_at"": ""2018-05-01 16:46:22.447483+00:00""}, {""correct_answer"": 110, ""answer"": 110, ""updated_at"": ""2018-05-01 16:46:25.038397+00:00""}, {""correct_answer"": 112, ""answer"": 112, ""updated_at"": ""2018-05-01 16:46:27.516493+00:00""}, {""correct_answer"": 124, ""answer"": 124, ""updated_at"": ""2018-05-01 16:46:30.998383+00:00""}, {""correct_answer"": 100, ""answer"": 100, ""updated_at"": ""2018-05-01 16:46:35.383637+00:00""}, {""correct_answer"": 175, ""answer"": 175, ""updated_at"": ""2018-05-01 16:46:40.393300+00:00""}, {""correct_answer"": 149, ""answer"": 149, ""updated_at"": ""2018-05-01 16:46:43.780996+00:00""}, {""correct_answer"": 136, ""answer"": 136, ""updated_at"": ""2018-05-01 16:46:47.309142+00:00""}, {""correct_answer"": 105, ""answer"": 105, ""updated_at"": ""2018-05-01 16:46:49.926635+00:00""}, {""correct_answer"": 89, ""answer"": 89, ""updated_at"": ""2018-05-01 16:46:52.574258+00:00""}]",225,,23,2025,2227,0,68,88,2241,3,42,14,68,4,tqbu8lze,,,,,,0
9,j7zhcdf9,,0,21,20,pgg_ret,4,Results,10.5.228.216,2018-05-01 16:31:14.584828+00:00,1,,,5158,3,1800,"[{""correct_answer"": 137, ""answer"": 137, ""updated_at"": ""2018-05-01 16:46:03.505546+00:00""}, {""correct_answer"": 125, ""answer"": 125, ""updated_at"": ""2018-05-01 16:46:11.131252+00:00""}, {""correct_answer"": 129, ""answer"": 129, ""updated_at"": ""2018-05-01 16:46:13.833138+00:00""}, {""correct_answer"": 155, ""answer"": 155, ""updated_at"": ""2018-05-01 16:46:16.713335+00:00""}, {""correct_answer"": 143, ""answer"": 143, ""updated_at"": ""2018-05-01 16:46:19.465890+00:00""}, {""correct_answer"": 123, ""answer"": 123, ""updated_at"": ""2018-05-01 16:46:22.388225+00:00""}, {""correct_answer"": 150, ""answer"": 150, ""updated_at"": ""2018-05-01 16:46:26.079800+00:00""}, {""correct_answer"": 69, ""answer"": 19, ""updated_at"": ""2018-05-01 16:46:29.756945+00:00""}, {""correct_answer"": 172, ""answer"": 172, ""updated_at"": ""2018-05-01 16:46:33.197078+00:00""}, {""correct_answer"": 188, ""answer"": 188, ""updated_at"": ""2018-05-01 16:46:35.945381+00:00""}, {""correct_answer"": 131, ""answer"": 121, ""updated_at"": ""2018-05-01 16:46:39.892389+00:00""}, {""correct_answer"": 146, ""answer"": 146, ""updated_at"": ""2018-05-01 16:46:42.470930+00:00""}, {""correct_answer"": 143, ""answer"": 143, ""updated_at"": ""2018-05-01 16:46:45.024008+00:00""}, {""correct_answer"": 101, ""answer"": 191, ""updated_at"": ""2018-05-01 16:46:47.872776+00:00""}, {""correct_answer"": 143, ""answer"": 143, ""updated_at"": ""2018-05-01 16:46:51.809170+00:00""}]",189,,19,1611,1781,0,68,88,1795,3,42,14,68,4,tqbu8lze,,,,,,0
1,3i2lw2eb,,0,0,20,,,,,,0,,,0,1,,,,,,,,0,69,89,0,1,,,69,1,v6rto0q5,,,,,,1
2,cgzhpe93,,0,0,20,,,,,,0,,,0,2,,,,1,,,,0,69,89,0,1,,,69,1,v6rto0q5,,,,,,1
3,ygd6je14,,0,0,20,,,,,,0,,,0,3,,,,1,,,,0,69,89,0,1,,,69,1,v6rto0q5,,,,,,1
1,3i2lw2eb,,0,0,20,,,,,,0,,,0,1,,,,,,,,0,70,90,0,1,,,70,2,v6rto0q5,,,,,,1
2,cgzhpe93,,0,0,20,,,,,,0,,,0,2,,,,,,,,0,70,90,0,1,,,70,2,v6rto0q5,,,,,,1
3,ygd6je14,,0,0,20,,,,,,0,,,0,3,,,,1,,,,0,70,90,0,1,,,70,2,v6rto0q5,,,,,,1
1,3i2lw2eb,,0,0,20,,,,,,0,,,0,1,,,,,,,,0,71,91,0,1,,,71,3,v6rto0q5,,,,,,1
2,cgzhpe93,,0,0,20,,,,,,0,,,0,2,,,,1,,,,0,71,91,0,1,,,71,3,v6rto0q5,,,,,,1
3,ygd6je14,,0,0,20,,,,,,0,,,0,3,,,,1,,,,0,71,91,0,1,,,71,3,v6rto0q5,,,,,,1
1,3i2lw2eb,,0,0,20,,,,,,0,,,0,1,,,,1,,,,0,72,92,0,1,,,72,4,v6rto0q5,,,,,,1
2,cgzhpe93,,0,0,20,,,,,,0,,,0,2,,,,1,,,,0,72,92,0,1,,,72,4,v6rto0q5,,,,,,1
3,ygd6je14,,0,0,20,,,,,,0,,,0,3,,,,1,,,,0,72,92,0,1,,,72,4,v6rto0q5,,,,,,1
